id,name,department
1,John,IT
2,Alice,HR
3,Bob,Finance
4,John,IT
5,Alice,HR
6,Bob,Finance
7,John,IT
8,Alice,HR
9,Bob,Finance
10,John,IT
11,Alice,HR
12,Bob,Finance
13,John,IT
14,Alice,HR
15,Bob,Finance
16,John,IT
17,Alice,HR
18,Bob,Finance
19,John,IT
20,Alice,HR
21,Bob,Finance
22,John,IT
23,Alice,HR
24,Bob,Finance
25,John,IT
26,Alice,HR
27,Bob,Finance
28,John,IT
29,Alice,HR
30,Bob,Finance
31,John,IT
32,Alice,HR
33,Bob,Finance
34,John,IT
35,Alice,HR
36,Bob,Finance
37,John,IT
38,Alice,HR
39,Bob,Finance
40,John,IT
41,Alice,HR
42,Bob,Finance
43,John,IT
44,Alice,HR
45,Bob,Finance
46,John,IT
47,Alice,HR
48,Bob,Finance
49,John,IT
50,Alice,HR
51,Bob,Finance
52,John,IT
53,Alice,HR
54,Bob,Finance
55,John,IT
56,Alice,HR
57,Bob,Finance
58,John,IT
59,Alice,HR
60,Bob,Finance
61,John,IT
62,Alice,HR
63,Bob,Finance
64,John,IT
65,Alice,HR
66,Bob,Finance
67,John,IT
68,Alice,HR
69,Bob,Finance
70,John,IT
71,Alice,HR
72,Bob,Finance
73,John,IT
74,Alice,HR
75,Bob,Finance
76,John,IT
77,Alice,HR
78,Bob,Finance
